{"knn": 5.617111305629506, "svm": 59.00656977671164, "dt": 10.238576844533284, "xgb": 275.37265624470183}